CLUSTERID1	CLUSTERID2	ComponentIndex	Cosine	DeltaMZ
881	1043	2	0.7009	-28.032
270	1012	2	0.709	-26.015
396	741	2	0.7151	23.999
391	398	2	0.7594	-2.015
270	396	2	0.7968	2.016
396	813	2	0.7212	411.770
125	891	2	0.7327	-2.016
306	398	2	0.7964	-28.029
125	270	2	0.9275	-28.032
1012	1014	2	0.7666	0.948
396	881	2	0.7288	10.043
741	1042	2	0.717	-15.973
398	1012	2	0.824	-2.016
306	972	2	0.7763	-23.999
125	972	2	0.7059	-47.999
306	741	2	0.7262	21.985
306	813	2	0.9069	409.755
306	396	2	0.7958	-2.015
391	396	2	0.7745	23.999
306	881	2	0.7641	8.028
391	972	2	0.7231	2.015
881	972	2	0.7613	-32.026
125	396	2	0.788	-26.016
741	891	2	0.7884	0.000
125	881	2	0.7579	-15.973
125	741	2	0.9027	-2.016
125	306	2	0.7967	-24.001
270	398	2	0.8313	-23.998
857	875	3	0.8402	4.032
162	602	3	0.9653	12.000
106	496	3	0.9071	-48.000
616	669	3	0.9016	9.948
106	872	3	0.9219	-67.987
106	616	3	0.9646	6.047
665	875	3	0.8649	-23.999
470	602	3	0.9018	-28.031
162	993	3	0.9009	-67.987
370	897	3	0.8255	-464.402
470	616	3	0.8861	-36.000
870	993	3	0.9296	-26.014
665	857	3	0.8242	-28.031
234	249	3	0.8479	-473.345
267	870	3	0.9531	427.344
65	669	3	0.9027	-12.036
499	669	3	0.9014	-26.016
267	434	3	0.8203	183.102
362	602	3	0.9243	57.985
267	873	3	0.903	-67.985
788	875	3	0.8938	2.016
665	788	3	0.9053	-26.016
359	897	3	0.9351	495.327
234	661	3	0.8382	-50.018
496	602	3	0.9081	62.016
234	897	3	0.9751	-495.330
106	602	3	0.9725	14.016
65	162	3	0.9813	-26.016
106	362	3	0.9312	-43.969
870	872	3	0.9414	-28.030
175	593	3	0.9089	-18.010
175	669	3	0.9164	-14.052
593	909	3	0.8698	31.990
175	602	3	0.963	-16.031
380	872	3	0.9384	455.375
872	993	3	0.9188	2.016
249	823	3	0.8576	-126.046
661	897	3	0.8451	-445.313
249	361	3	0.8538	-30.934
788	857	3	0.8497	-2.015
234	370	3	0.8252	-30.929
593	669	3	0.9138	3.958
496	616	3	0.9222	54.047
593	602	3	0.8963	1.979
499	593	3	0.8745	-29.974
106	175	3	0.9668	30.047
65	602	3	0.9744	-14.015
175	470	3	0.9003	12.000
362	788	3	0.8586	30.010
602	669	3	0.9023	1.979
661	873	3	0.788	499.348
249	903	3	0.7957	392.398
65	175	3	0.9699	2.016
65	616	3	0.9733	-21.984
669	909	3	0.8924	28.032
175	496	3	0.8936	-78.046
380	874	3	0.8276	261.681
175	362	3	0.9233	-74.016
249	897	3	0.8414	-21.985
370	903	3	0.797	-50.018
65	870	3	0.9282	-67.988
496	788	3	0.8542	34.041
162	496	3	0.9217	-50.015
362	496	3	0.9281	-4.031
870	873	3	0.8904	-495.329
106	162	3	0.9808	2.016
65	267	3	0.9568	-495.332
65	106	3	0.9937	-28.031
362	593	3	0.8928	56.005
65	362	3	0.9294	-72.000
470	528	3	0.8475	14.015
434	870	3	0.808	244.241
106	593	3	0.9025	12.036
872	874	3	0.815	-193.695
162	669	3	0.8929	13.979
362	616	3	0.9593	50.016
162	616	3	0.9712	4.031
175	616	3	0.9576	-24.000
162	362	3	0.9402	-45.984
106	669	3	0.9043	15.995
162	470	3	0.8924	40.032
162	175	3	0.9608	28.031
65	496	3	0.9002	-76.031
602	616	3	0.9578	-7.969
593	616	3	0.8977	-5.990
499	909	3	0.8553	2.016
234	873	3	0.8835	449.330
362	669	3	0.8973	59.964
588	939	4	0.8564	7.991
588	617	4	0.872	-2.016
23	790	5	0.8519	31.948
541	907	5	0.9755	0.000
256	583	5	0.8904	-28.031
43	90	5	0.8443	-83.967
32	290	5	0.9468	-126.293
51	290	5	0.9195	-122.121
67	123	5	0.8137	-52.031
14	256	5	0.9319	-42.047
39	67	5	0.9119	1.020
439	681	5	0.913	-110.073
17	375	5	0.8725	103.038
32	70	5	0.9361	188.960
123	1013	5	0.8004	24.995
583	723	5	0.8304	0.000
67	1005	5	0.8444	-25.977
238	650	5	0.8883	-150.273
70	472	5	0.9119	-97.052
31	147	5	0.8233	2.016
4	462	5	0.8779	-169.999
188	920	5	0.8635	-319.237
90	290	5	0.9167	-158.283
70	506	5	0.9447	-105.055
44	628	5	0.9034	-147.067
21	238	5	0.911	35.085
431	716	5	0.8247	-18.011
47	907	5	0.8982	-0.000
141	462	5	0.8157	-254.092
409	681	5	0.9482	-44.026
604	907	5	0.8117	-10.023
205	462	5	0.869	-286.191
123	133	5	0.8197	14.016
90	217	5	0.9813	-278.084
31	636	5	0.9036	-113.084
21	713	5	0.8551	31.976
44	131	5	0.8736	46.006
66	541	5	0.8266	-32.005
21	51	5	0.9056	-76.104
14	963	5	0.8788	-10.021
51	545	5	0.8815	-11.964
21	43	5	0.8848	44.026
90	440	5	0.9114	-34.147
179	716	5	0.8233	62.986
37	123	5	0.8749	-24.000
4	433	5	0.8662	62.203
587	674	5	0.8547	14.016
66	386	5	0.9553	-1.003
156	925	5	0.8077	-40.006
45	301	5	0.8331	-0.984
66	907	5	0.82	-32.005
37	109	5	0.8403	-12.000
286	863	5	0.7978	-128.054
179	675	5	0.8281	-172.158
14	644	5	0.9756	-84.094
66	131	5	0.8505	42.032
23	575	5	0.8125	-37.199
67	131	5	0.8132	-10.009
23	650	5	0.8084	-39.214
68	154	5	0.8507	-162.083
31	674	5	0.8872	-43.969
70	758	5	0.9141	-63.008
31	156	5	0.8706	16.031
154	946	5	0.7992	199.052
587	748	5	0.8024	-49.078
17	90	5	0.8755	-83.967
375	672	5	0.8684	-55.994
43	758	5	0.8435	9.994
431	439	5	0.8295	-253.154
126	375	5	0.8433	-9.959
286	506	5	0.8024	-72.055
32	439	5	0.9443	-20.168
32	43	5	0.8736	115.957
31	925	5	0.8019	-23.975
32	68	5	0.8831	130.010
90	506	5	0.9063	51.915
14	433	5	0.8601	6.141
70	716	5	0.9348	26.016
4	25	5	0.9833	28.031
375	716	5	0.8522	-4.020
17	433	5	0.9239	-22.997
14	25	5	0.99	-28.031
28	32	5	0.9525	310.074
238	574	5	0.886	-57.958
14	15	5	0.8791	15.995
78	254	5	0.8132	-150.057
45	109	5	0.8648	15.011
141	644	5	0.9103	-112.125
256	723	5	0.8439	-28.031
17	32	5	0.9027	-115.958
112	433	5	0.8565	467.504
238	439	5	0.9075	-127.185
4	256	5	0.9364	14.015
236	744	5	0.9847	0.000
25	141	5	0.9187	56.062
256	963	5	0.8582	32.026
44	156	5	0.8611	50.016
644	790	5	0.8745	25.180
290	523	5	0.9016	193.183
541	604	5	0.8031	10.023
409	550	5	0.8331	-9.984
17	68	5	0.8704	14.052
123	668	5	0.7989	-313.223
47	541	5	0.8997	-0.000
409	646	5	0.8665	111.152
117	126	5	0.8612	125.048
545	697	5	0.9364	-26.052
117	716	5	0.8364	111.068
15	25	5	0.9321	-44.026
290	409	5	0.9594	40.079
179	744	5	0.818	-42.025
37	67	5	0.8944	28.031
37	39	5	0.855	27.011
256	644	5	0.9315	-42.047
147	156	5	0.8891	14.016
147	674	5	0.8419	-45.984
17	545	5	0.8899	-132.094
147	925	5	0.8184	-25.990
409	575	5	0.9129	44.974
15	506	5	0.8733	-18.909
238	506	5	0.9082	-23.112
15	433	5	0.8765	-9.854
78	744	5	0.8132	-122.025
17	51	5	0.8835	-120.130
51	650	5	0.8691	-39.084
15	644	5	0.8794	-100.088
17	21	5	0.9235	-44.026
188	506	5	0.8483	-96.091
4	644	5	0.984	-28.032
21	117	5	0.855	31.976
23	409	5	0.8322	-82.172
131	506	5	0.8265	-129.076
51	697	5	0.9097	-38.016
68	472	5	0.8466	-38.102
156	674	5	0.9302	-60.000
70	545	5	0.9084	-205.097
141	256	5	0.8668	-70.078
205	716	5	0.8601	68.026
25	644	5	0.9745	-56.062
32	90	5	0.9161	31.990
15	21	5	0.8696	-30.883
44	674	5	0.8963	-9.984
122	179	5	0.8285	14.016
117	523	5	0.8268	-37.018
611	925	5	0.86	-0.035
254	744	5	0.9299	28.031
68	644	5	0.844	-127.284
462	920	5	0.9807	0.000
43	506	5	0.8856	-32.052
31	44	5	0.9093	-33.984
4	963	5	0.8552	46.041
66	126	5	0.8613	58.006
4	15	5	0.8816	72.057
14	141	5	0.9279	28.031
644	963	5	0.849	74.073
68	582	5	0.8592	-358.396
15	963	5	0.8708	-26.016
375	431	5	0.8259	13.991
70	126	5	0.9088	39.995
25	256	5	0.9366	-14.016
147	747	5	0.9323	-17.026
32	238	5	0.9021	107.017
70	433	5	0.9476	-96.000
238	290	5	0.9142	-233.310
713	716	5	0.8377	111.068
188	462	5	0.8664	-319.237
179	433	5	0.8574	-59.030
290	545	5	0.94	110.157
17	238	5	0.9006	-8.941
14	790	5	0.8621	-58.914
126	431	5	0.904	4.031
37	1013	5	0.8228	0.995
21	68	5	0.8948	58.078
236	254	5	0.9018	-28.031
238	545	5	0.887	-123.153
117	713	5	0.9897	0.000
550	681	5	0.8178	-34.042
51	668	5	0.9069	-138.091
290	899	5	0.9092	83.037
126	716	5	0.9025	-13.979
290	681	5	0.935	-3.948
70	290	5	0.94	-315.253
123	188	5	0.8351	9.037
4	141	5	0.9148	84.093
4	14	5	0.9837	56.062
509	970	5	0.8792	0.000
131	628	5	0.8298	-193.073
431	462	5	0.8458	-372.228
51	409	5	0.9136	-82.042
523	646	5	0.8224	-41.953
122	212	5	0.8636	14.016
509	672	5	0.8149	-21.037
433	523	5	0.9032	-26.070
25	433	5	0.8497	34.172
32	51	5	0.8919	-4.172
179	375	5	0.8124	67.006
188	433	5	0.869	-87.036
67	462	5	0.8103	-362.232
472	713	5	0.8072	12.000
21	70	5	0.9465	117.028
375	509	5	0.8167	-34.957
25	963	5	0.8567	18.010
130	923	6	0.8949	-2.014
401	405	6	0.9317	-28.033
318	831	6	0.8085	26.017
266	401	6	0.9158	-21.985
424	483	6	0.905	-28.031
413	979	6	0.8523	6.900
392	706	6	0.8647	-4.036
191	266	6	0.9601	-0.000
163	322	6	0.9384	26.015
130	392	6	0.8829	18.014
166	424	6	0.9324	56.063
413	514	6	0.8659	52.032
163	266	6	0.9491	67.987
192	394	6	0.9117	-56.063
196	817	6	0.9348	12.000
732	740	6	0.853	-26.016
151	266	6	0.9152	-6.047
196	649	6	0.9161	23.090
305	404	6	0.9562	-56.062
196	702	6	0.913	-112.126
192	465	6	0.9359	2.016
134	315	6	0.9757	0.001
450	809	6	0.8944	-42.047
166	319	6	0.8908	-26.015
392	923	6	0.8928	-20.028
343	450	6	0.9475	40.031
704	783	6	0.8315	26.015
151	401	6	0.912	-28.031
134	405	6	0.9057	-24.002
196	465	6	0.9303	28.031
166	465	6	0.9241	30.047
151	702	6	0.8875	-33.132
483	817	6	0.8942	-14.016
166	343	6	0.9529	2.016
52	134	6	0.8873	-54.046
450	465	6	0.9569	-12.000
450	483	6	0.9071	-14.016
272	740	6	0.9485	-67.986
424	465	6	0.9342	-26.016
52	151	6	0.9263	-21.984
52	315	6	0.9002	-54.046
810	979	6	0.8632	14.016
134	266	6	0.9302	26.016
166	394	6	0.9363	-28.031
318	801	6	0.8584	0.002
649	817	6	0.8739	-11.090
151	155	6	0.915	-26.017
322	732	6	0.871	-23.999
266	315	6	0.9328	-26.015
155	401	6	0.9186	-2.015
52	155	6	0.9221	-48.001
155	272	6	0.9278	-4.032
134	397	6	0.8989	80.063
151	757	6	0.9427	-2.017
514	783	6	0.8758	-26.017
372	837	6	0.7892	-26.014
231	272	6	0.953	-28.032
192	817	6	0.9183	-14.016
151	829	6	0.8852	-32.061
318	712	6	0.8542	-76.028
231	315	6	0.9158	-30.045
343	424	6	0.934	54.047
72	134	6	0.9339	-2.014
134	155	6	0.9121	6.046
166	649	6	0.8969	25.106
315	405	6	0.9119	-24.003
783	810	6	0.8418	-33.132
923	979	6	0.8817	-13.070
413	783	6	0.8522	26.015
712	836	6	0.8104	50.013
392	829	6	0.8583	-46.042
151	231	6	0.9413	-2.016
343	817	6	0.9271	12.000
392	514	6	0.8692	12.034
272	757	6	0.9359	28.031
163	740	6	0.9102	-24.000
343	649	6	0.8991	23.090
52	266	6	0.9503	-28.031
272	405	6	0.9376	-26.016
394	465	6	0.9011	58.078
394	817	6	0.8955	42.047
712	801	6	0.8427	76.029
72	155	6	0.9197	4.031
318	836	6	0.8898	-26.015
52	829	6	0.8915	-54.045
343	394	6	0.9235	-30.047
196	343	6	0.9599	-0.000
72	405	6	0.9206	-26.016
465	817	6	0.9099	-16.031
151	191	6	0.9297	-6.046
372	831	6	0.8349	76.030
192	424	6	0.9349	28.031
272	315	6	0.9252	-2.013
191	829	6	0.9148	-26.015
810	829	6	0.8823	1.072
424	649	6	0.8868	-30.957
413	833	6	0.8478	-24.000
372	712	6	0.8402	-26.015
514	923	6	0.916	-32.062
231	266	6	0.9218	-4.030
231	405	6	0.9102	-54.048
706	801	6	0.804	24.000
75	923	6	0.9381	-28.030
712	837	6	0.8469	0.000
401	757	6	0.9052	26.014
191	392	6	0.9024	20.028
319	394	6	0.9034	-2.017
158	404	6	0.9507	-82.078
192	196	6	0.936	-26.016
155	231	6	0.9436	24.000
192	809	6	0.8827	-28.031
272	401	6	0.9234	2.017
196	394	6	0.9278	-30.047
266	757	6	0.9197	4.029
801	831	6	0.817	26.016
72	401	6	0.8969	2.016
413	810	6	0.8615	-7.117
318	372	6	0.8046	-50.013
397	901	6	0.8962	2.016
166	196	6	0.9643	2.016
191	757	6	0.9048	4.029
196	424	6	0.9343	54.047
465	809	6	0.8857	-30.047
322	740	6	0.908	-50.015
166	192	6	0.9442	28.031
72	231	6	0.9575	28.032
801	836	6	0.8361	-26.016
134	901	6	0.8898	82.078
191	923	6	0.9128	0.000
483	809	6	0.8639	-28.031
372	801	6	0.8197	50.015
394	649	6	0.9068	53.137
163	732	6	0.8994	2.016
72	740	6	0.9425	-67.987
405	757	6	0.904	54.047
134	272	6	0.9174	2.014
702	979	6	0.903	14.016
319	702	6	0.8779	-84.095
52	231	6	0.931	-24.000
196	450	6	0.9467	40.031
75	130	6	0.9371	-26.016
163	191	6	0.9136	67.988
158	305	6	0.9635	-26.015
155	405	6	0.9214	-30.048
166	450	6	0.9573	42.047
75	305	6	0.9766	-0.001
231	401	6	0.9106	-26.015
649	702	6	0.8882	-135.215
319	649	6	0.8919	51.120
52	401	6	0.8953	-50.015
192	450	6	0.952	14.016
424	450	6	0.9521	-14.015
192	483	6	0.8978	0.000
343	465	6	0.9348	28.031
72	272	6	0.9596	-0.000
192	343	6	0.9387	-26.016
72	757	6	0.921	28.031
424	817	6	0.9186	-42.047
231	757	6	0.9617	-0.001
465	483	6	0.9027	-2.016
315	397	6	0.8896	80.062
394	450	6	0.9275	70.079
52	191	6	0.9575	-28.030
155	757	6	0.92	24.000
155	315	6	0.9165	-6.045
166	817	6	0.9195	14.016
450	817	6	0.9327	-28.031
72	315	6	0.9387	-2.014
343	483	6	0.9007	26.016
52	757	6	0.9228	-24.001
394	424	6	0.9096	84.094
664	869	7	0.8697	-412.239
387	1033	7	0.8059	46.989
48	257	7	0.9819	-26.016
664	820	7	0.8436	-11.900
479	594	7	0.822	90.047
176	257	7	0.9833	21.984
176	826	7	0.963	33.985
180	567	7	0.9667	-28.031
268	1034	7	0.8089	-23.997
664	774	7	0.8002	-35.905
390	1033	7	0.8785	-82.015
480	820	7	0.8813	495.333
774	787	7	0.8177	-487.453
461	563	7	0.9348	1.980
170	774	7	0.788	-120.001
276	693	7	0.8954	42.011
727	1033	7	0.8819	-5.041
356	363	7	0.9782	495.330
673	679	7	0.9186	23.996
820	869	7	0.8199	-400.340
869	943	7	0.887	-112.124
395	1037	7	0.8734	-136.000
480	774	7	0.8186	471.328
756	904	7	0.8741	192.167
257	563	7	0.9391	9.984
673	784	7	0.8238	-66.051
354	563	7	0.9401	12.000
276	904	7	0.9151	234.215
257	597	7	0.9511	8.005
363	480	7	0.9112	-96.000
387	1037	7	0.8297	47.998
48	176	7	0.9794	-48.000
176	554	7	0.9665	17.954
268	326	7	0.7873	4.031
48	461	7	0.9717	-18.011
479	673	7	0.9202	42.049
165	230	7	0.8818	-28.031
221	679	7	0.9859	18.046
221	479	7	0.8544	-48.000
230	567	7	0.9797	-2.016
554	563	7	0.9409	14.015
730	1037	7	0.8109	-59.022
879	1037	7	0.8672	91.965
554	826	7	0.9687	16.031
597	826	7	0.9533	3.995
387	849	7	0.8295	4.032
167	518	7	0.8166	471.332
176	597	7	0.9433	29.989
276	634	7	0.9154	26.016
354	597	7	0.953	10.021
170	363	7	0.9743	-495.328
356	480	7	0.9159	399.330
479	569	7	0.8225	-487.293
257	826	7	0.9707	12.000
634	922	7	0.9604	2.017
356	787	7	0.9253	383.205
569	1017	7	0.7864	481.376
395	730	7	0.8172	-76.978
518	820	7	0.8107	-495.329
170	518	7	0.7955	399.333
390	727	7	0.8546	-76.973
167	170	7	0.8626	71.999
727	730	7	0.8417	54.990
589	922	7	0.9317	48.000
387	1034	7	0.9121	-50.016
390	730	7	0.8446	-21.983
389	1035	7	0.9253	-158.048
167	869	7	0.8544	-424.336
257	461	7	0.9674	8.005
48	756	7	0.9272	-479.300
176	563	7	0.936	31.969
257	354	7	0.9846	-2.016
268	403	7	0.8093	52.031
480	787	7	0.9225	-16.126
879	1033	7	0.8669	90.957
48	563	7	0.9348	-16.031
479	589	7	0.956	24.001
569	820	7	0.8577	-45.983
1034	1037	7	0.8066	98.014
787	943	7	0.9553	-1.005
363	943	7	0.9171	-113.130
356	943	7	0.9217	382.200
170	820	7	0.8249	-95.995
634	693	7	0.889	15.995
395	569	7	0.8187	-168.825
730	879	7	0.804	-150.988
679	922	7	0.8835	5.955
170	664	7	0.8686	-84.096
849	1001	7	0.8131	211.070
167	774	7	0.7966	-48.002
165	180	7	0.8952	-2.016
276	589	7	0.8103	-19.967
510	569	7	0.8008	-87.967
727	879	7	0.8743	-95.998
170	687	7	0.8794	-78.044
221	594	7	0.9793	42.047
369	725	7	0.9546	0.001
363	664	7	0.894	411.233
268	387	7	0.8525	26.019
276	479	7	0.8238	-43.968
48	826	7	0.9695	-14.015
693	756	7	0.9737	0.037
467	634	7	0.8999	-68.063
180	468	7	0.858	-26.015
1033	1037	7	0.977	1.009
167	856	7	0.8182	495.331
356	869	7	0.914	494.324
859	1034	7	0.8788	2.019
167	363	7	0.8859	-423.330
165	468	7	0.9103	-28.031
390	395	7	0.9797	54.994
664	687	7	0.8849	6.051
589	679	7	0.921	42.044
389	395	7	0.9516	78.992
480	869	7	0.8888	94.994
693	904	7	0.8476	192.204
389	879	7	0.8723	-148.973
461	826	7	0.9659	3.996
221	922	7	0.8918	24.001
1033	1035	7	0.9084	-100.032
221	673	7	0.9058	-5.951
1035	1037	7	0.9068	101.041
594	922	7	0.8768	-18.046
569	1035	7	0.787	-68.216
594	673	7	0.9046	-47.998
363	687	7	0.9031	417.284
369	849	7	0.8031	21.989
363	869	7	0.9078	-1.007
387	403	7	0.8346	26.012
176	461	7	0.9589	29.989
518	664	7	0.807	-483.429
326	849	7	0.9034	26.020
730	1033	7	0.8092	-60.031
518	687	7	0.8138	-477.378
390	1035	7	0.9084	-182.046
354	554	7	0.9752	-2.015
48	597	7	0.9506	-18.010
389	390	7	0.9569	23.998
354	461	7	0.9691	10.020
1033	1034	7	0.7873	-97.005
167	820	7	0.9072	-23.997
276	756	7	0.9346	42.048
326	1034	7	0.7858	-28.029
554	597	7	0.9557	12.036
48	354	7	0.9896	-28.031
687	820	7	0.8647	-17.951
787	869	7	0.8979	111.119
563	826	7	0.9425	2.016
589	594	7	0.9041	66.046
730	1035	7	0.8279	-160.063
567	597	7	0.9175	-29.974
257	554	7	0.9725	-4.031
167	687	7	0.8862	-6.046
687	774	7	0.8024	-41.956
479	679	7	0.842	66.045
879	1035	7	0.8949	-9.075
170	869	7	0.8854	-496.335
170	488	7	0.82	445.316
589	784	7	0.8884	-48.003
395	1033	7	0.8762	-137.009
180	230	7	0.973	-26.016
230	597	7	0.9186	-31.990
387	859	7	0.8904	-52.036
563	597	7	0.9095	-1.979
221	589	7	0.9227	-23.999
159	390	7	0.8827	-469.462
176	354	7	0.98	19.969
395	1035	7	0.9065	-237.041
363	820	7	0.8447	399.333
727	1037	7	0.8825	-4.033
479	784	7	0.885	-24.002
480	943	7	0.9217	-17.130
687	869	7	0.8657	-418.290
774	943	7	0.8077	-488.458
354	826	7	0.9728	14.016
167	664	7	0.8759	-12.097
594	679	7	0.9859	-24.001
389	730	7	0.8623	2.015
461	554	7	0.9697	-12.036
389	1033	7	0.9232	-58.016
206	856	7	0.8034	-24.001
461	597	7	0.9563	0.000
363	787	7	0.9224	-112.126
159	634	7	0.903	-26.015
159	395	7	0.8811	-414.467
48	554	7	0.9685	-30.046
589	673	7	0.9541	18.048
389	727	7	0.8698	-52.975
159	922	7	0.8914	-23.998
510	634	7	0.8994	469.310
774	820	7	0.8107	24.005
390	1037	7	0.8766	-81.006
727	1035	7	0.892	-105.073
389	1037	7	0.9298	-57.008
89	170	7	0.9375	-495.334
339	489	8	0.9249	2.016
339	576	8	0.9695	28.031
489	576	8	0.9294	26.016
714	717	9	0.7245	2.015
717	921	9	0.7179	432.283
714	921	9	0.8094	434.298
121	314	10	0.9908	-6.046
886	1046	10	0.9914	-0.000
314	886	10	0.9921	28.030
775	816	10	0.9891	-42.047
143	376	10	0.9932	-26.015
143	816	10	0.9923	-14.015
69	1046	10	0.9906	-57.010
222	393	10	0.9919	-2.016
132	886	10	0.9949	-0.001
121	373	10	0.9912	-28.029
108	317	10	0.9944	-26.013
98	121	10	0.9912	-0.001
143	222	10	0.9907	-54.047
132	393	10	0.9913	28.977
174	816	10	0.991	-16.031
222	775	10	0.9872	82.078
132	890	10	0.9914	26.014
376	1046	10	0.9884	-59.026
174	376	10	0.9928	-28.031
69	222	10	0.9917	-26.016
108	314	10	0.9929	-2.015
98	150	10	0.9901	-24.001
263	317	10	0.9899	1.071
121	317	10	0.9919	-30.044
69	174	10	0.9936	30.047
55	108	10	0.9928	-28.030
132	314	10	0.9917	-28.031
150	317	10	0.9918	-6.045
373	1039	10	0.9758	42.003
376	775	10	0.9886	54.047
85	317	10	0.9905	-2.016
376	816	10	0.9911	12.000
132	1046	10	0.9913	-0.002
121	150	10	0.9948	-23.999
55	121	10	0.9921	-24.000
314	317	10	0.9934	-23.998
376	393	10	0.992	-30.047
150	886	10	0.9914	45.983
393	886	10	0.9927	-28.978
402	1039	10	0.9722	47.106
69	775	10	0.9907	56.063
69	393	10	0.9962	-28.031
55	150	10	0.992	-47.999
98	373	10	0.9904	-28.030
55	132	10	0.993	-2.014
69	886	10	0.9937	-57.010
55	890	10	0.9895	23.999
85	121	10	0.9938	28.029
884	890	10	0.9889	38.015
55	317	10	0.9924	-54.044
132	143	10	0.9915	85.040
132	317	10	0.9912	-52.029
174	886	10	0.9914	-87.057
108	121	10	0.9934	4.031
108	150	10	0.9942	-19.969
393	775	10	0.9909	84.094
150	314	10	0.991	17.954
69	132	10	0.9927	-57.008
69	376	10	0.9944	2.016
143	886	10	0.9929	-85.041
884	1046	10	0.9901	12.000
55	884	10	0.9897	-14.016
222	376	10	0.9895	28.032
890	1046	10	0.9906	-26.015
393	816	10	0.992	42.047
55	886	10	0.9934	-2.016
143	775	10	0.9908	28.031
143	393	10	0.9946	-56.062
85	108	10	0.993	23.998
143	1046	10	0.9899	-85.041
222	316	10	0.987	-0.945
108	132	10	0.9904	26.016
174	222	10	0.991	-56.063
886	890	10	0.9923	26.015
222	816	10	0.9891	40.032
85	373	10	0.9893	-0.000
85	150	10	0.993	4.029
174	393	10	0.9933	-58.078
393	890	10	0.9902	-2.964
143	174	10	0.9939	2.016
108	263	10	0.9888	-27.084
85	98	10	0.9946	28.030
174	775	10	0.9907	26.016
69	816	10	0.9934	14.016
174	1046	10	0.9891	-87.057
522	816	10	0.9874	-28.031
55	314	10	0.9924	-30.045
69	143	10	0.997	28.031
314	884	10	0.9898	16.030
132	884	10	0.9904	-12.001
344	841	11	0.913	-0.499
406	412	12	0.7212	35.037
80	651	13	0.7961	-128.120
80	146	13	0.9085	-112.126
146	651	13	0.8635	-15.995
578	932	14	0.7726	-5.958
336	631	14	0.7997	-54.047
474	631	14	0.7234	-6.080
578	631	14	0.8398	15.995
79	332	14	0.9021	28.032
79	680	14	0.7695	-15.995
631	932	14	0.7769	-21.953
332	631	14	0.7703	-26.016
79	336	14	0.8964	56.063
474	578	14	0.7236	-22.075
120	157	14	0.8981	18.010
157	491	14	0.7241	0.000
474	764	14	0.7528	30.047
631	684	14	0.7022	108.130
515	680	14	0.7234	-24.073
680	932	14	0.7059	-3.942
79	578	14	0.7216	-13.980
79	631	14	0.7691	2.016
500	932	14	0.7474	-56.065
631	825	14	0.7185	-241.156
474	932	14	0.7692	-28.033
500	764	14	0.8539	2.015
332	578	14	0.7348	-42.012
157	332	14	0.7047	-84.129
441	680	14	0.7222	-126.141
157	336	14	0.702	-56.098
578	680	14	0.7295	-2.016
157	984	14	0.7338	-18.010
441	684	14	0.86	0.000
515	696	14	0.7742	17.027
441	578	14	0.7337	-124.125
336	578	14	0.7405	-70.043
336	680	14	0.7861	-72.058
120	984	14	0.7294	0.000
332	336	14	0.9714	28.031
764	932	14	0.7005	-58.080
680	825	14	0.7407	-223.145
474	500	14	0.8689	28.032
441	631	14	0.7463	-108.130
332	680	14	0.792	-44.027
631	680	14	0.8438	-18.011
1	862	15	0.8655	0.001
113	862	15	0.9921	0.000
862	967	15	0.8328	-41.027
282	967	15	0.8233	-121.043
5	967	15	0.931	-0.000
1	113	15	0.8567	0.001
5	862	15	0.7798	41.026
5	113	15	0.7564	41.026
113	967	15	0.8163	-41.027
307	562	16	0.8009	-57.958
436	805	16	0.7292	-79.940
226	805	16	0.9085	-57.959
226	436	16	0.8162	21.982
436	513	16	0.8601	-54.055
226	307	16	0.8136	-132.052
226	562	16	0.7494	-190.010
562	805	16	0.8109	132.052
307	436	16	0.7163	154.034
436	759	16	0.7555	0.827
74	427	17	0.7048	-427.358
74	246	17	0.8055	14.014
358	699	17	0.7226	1.980
74	699	17	0.8925	1.007
427	699	17	0.853	428.365
87	320	18	0.992	109.013
87	1007	18	0.9445	109.013
20	46	18	0.7035	-20.958
77	144	18	0.8684	-41.027
42	1007	18	0.9957	109.013
63	324	18	0.7388	2.001
77	324	18	0.7463	-63.059
144	324	18	0.7503	-22.032
144	320	18	0.7139	72.965
42	320	18	0.9389	109.013
2	42	18	0.8368	2.038
20	30	18	0.8121	23.016
24	144	18	0.7766	-27.995
2	1007	18	0.8405	111.051
42	87	18	0.9354	0.000
320	1007	18	0.946	0.000
24	46	18	0.7997	-17.003
24	324	18	0.7463	-50.027
2	320	18	0.8146	111.051
2	87	18	0.8258	2.038
24	77	18	0.8634	13.032
64	144	18	0.7092	41.003
303	577	19	0.9393	-14.251
421	827	19	0.8691	-0.249
466	471	19	0.8472	-26.505
746	827	19	0.8633	-480.978
690	868	19	0.9067	14.006
207	466	19	0.8499	-14.001
303	995	19	0.8472	-29.498
449	690	19	0.7734	-39.768
577	995	19	0.8555	-15.246
868	948	19	0.8785	434.062
355	415	19	0.8981	454.417
421	577	19	0.942	26.261
635	948	19	0.8833	474.571
746	995	19	0.8359	-469.714
207	950	19	0.8399	38.499
415	948	19	0.829	25.409
471	690	19	0.8516	26.250
303	746	19	0.8651	440.217
577	827	19	0.8886	-26.510
207	471	19	0.8215	-40.507
421	955	19	0.9261	41.514
197	421	19	0.9321	-40.261
577	746	19	0.8707	454.468
197	746	19	0.8323	440.468
197	955	19	0.9773	1.253
303	827	19	0.8735	-40.761
415	421	19	0.9158	-480.929
466	948	19	0.8692	447.813
471	950	19	0.8538	79.005
466	868	19	0.8633	13.751
690	950	19	0.8729	52.755
355	995	19	0.864	-15.498
577	955	19	0.9197	15.253
197	355	19	0.8859	-13.749
303	355	19	0.919	-13.999
635	690	19	0.8893	26.503
415	955	19	0.9185	-439.415
577	635	19	0.8399	5.507
471	868	19	0.8332	40.256
868	950	19	0.8811	38.749
421	995	19	0.8376	11.014
207	948	19	0.8838	433.812
421	746	19	0.8562	480.729
827	995	19	0.8583	11.264
827	955	19	0.8333	41.763
355	635	19	0.8583	5.255
466	521	19	0.7514	39.262
415	635	19	0.8467	-449.162
635	950	19	0.8655	79.258
466	635	19	0.8639	-26.758
466	690	19	0.8947	-0.255
415	827	19	0.851	-481.178
471	635	19	0.8961	-0.253
207	955	19	0.8123	-31.012
355	577	19	0.9226	-0.252
197	827	19	0.8419	-40.510
355	746	19	0.8784	454.216
415	746	19	0.8878	-0.200
197	415	19	0.9236	440.668
197	303	19	0.9178	0.251
948	950	19	0.8551	-395.313
197	207	19	0.8203	32.265
303	415	19	0.9145	440.417
471	948	19	0.8382	474.319
635	868	19	0.8708	40.509
415	577	19	0.9255	-454.668
449	466	19	0.7481	-39.513
355	421	19	0.9083	-26.513
207	868	19	0.8726	-0.250
690	948	19	0.8909	448.068
746	955	19	0.828	-439.215
303	421	19	0.9393	-40.512
303	955	19	0.9096	1.002
207	635	19	0.8787	-40.759
207	690	19	0.8847	-14.256
355	955	19	0.8774	15.001
466	950	19	0.8566	52.500
197	577	19	0.9267	-14.000
355	827	19	0.8939	-26.762
449	521	19	0.8894	-0.251
152	1044	23	0.9446	0.000
544	642	23	0.8148	-24.000
152	241	23	0.8156	-24.000
642	929	23	0.707	-52.030
152	892	23	0.8587	-250.266
503	989	23	0.8656	-17.025
892	894	23	0.9148	-0.001
86	544	23	0.8191	26.016
186	241	23	0.7354	-45.984
152	989	23	0.775	-136.038
152	894	23	0.8376	-250.267
186	252	23	0.8394	26.016
86	642	23	0.763	2.016
503	894	23	0.7493	-131.254
497	929	23	0.7856	-28.030
497	1044	23	0.8069	-2.015
503	614	23	0.8895	18.012
86	252	23	0.8301	24.000
138	186	23	0.8542	2.015
152	614	23	0.7186	-101.001
241	399	23	0.7178	-238.229
86	497	23	0.7561	-21.984
86	152	23	0.8334	-24.000
152	497	23	0.8007	2.016
152	503	23	0.8545	-119.012
241	1044	23	0.8665	24.000
241	497	23	0.8138	26.015
252	642	23	0.7773	-21.984
186	1044	23	0.7687	-21.984
86	1044	23	0.8025	-24.000
892	1044	23	0.8681	250.266
86	241	23	0.845	-48.000
86	138	23	0.8329	-4.031
989	1044	23	0.7508	136.038
241	929	23	0.7413	-2.015
138	252	23	0.8983	28.031
186	642	23	0.7361	4.031
252	544	23	0.8175	2.016
892	989	23	0.7109	114.228
186	544	23	0.8466	28.031
894	1044	23	0.8495	250.267
138	544	23	0.7982	30.047
503	892	23	0.76	-131.253
497	544	23	0.7587	48.000
503	1044	23	0.8108	119.013
86	186	23	0.8729	-2.016
152	186	23	0.7765	21.984
614	989	23	0.8112	-35.037
486	971	25	0.8079	212.053
568	624	25	0.9404	-0.000
486	867	25	0.9337	176.032
867	971	25	0.8632	36.021
609	867	25	0.9082	17.027
378	568	25	0.9043	36.021
526	609	25	0.8741	-17.027
798	971	25	0.8788	18.010
204	526	25	0.9198	-18.010
418	549	25	0.8052	-24.000
204	609	25	0.8741	-35.037
486	568	25	0.8453	212.053
378	867	25	0.9579	0.000
378	526	25	0.9219	0.000
204	798	25	0.8998	0.000
624	971	25	0.8654	-0.000
289	568	25	0.8004	-57.021
526	798	25	0.9117	18.010
609	798	25	0.8729	35.037
289	992	25	0.7374	100.053
251	442	25	0.7387	-121.110
526	867	25	0.9456	-0.000
526	624	25	0.9199	36.021
204	568	25	0.9015	18.011
378	624	25	0.9523	36.021
251	289	25	0.7037	-88.053
204	867	25	0.9396	-18.010
442	549	25	0.7567	23.999
486	526	25	0.9	176.032
418	671	25	0.9346	-26.016
204	971	25	0.8334	18.011
378	798	25	0.883	18.011
568	867	25	0.9217	-36.021
609	971	25	0.7983	53.048
204	486	25	0.88	-194.043
204	378	25	0.9776	-18.010
289	937	25	0.7027	-229.080
486	624	25	0.8581	212.053
486	798	25	0.8744	194.043
178	898	25	0.7373	17.002
624	867	25	0.9356	-36.021
411	609	25	0.8304	49.982
289	971	25	0.7275	-57.022
484	898	25	0.8207	-0.000
486	609	25	0.9241	159.005
289	624	25	0.8284	-57.021
178	251	25	0.7244	299.201
798	867	25	0.9118	-18.010
568	609	25	0.8406	-53.048
568	971	25	0.8995	-0.000
251	484	25	0.701	-282.198
609	624	25	0.8415	53.048
526	568	25	0.919	36.021
178	484	25	0.7127	17.002
568	798	25	0.8941	-18.011
624	798	25	0.8764	-18.010
378	971	25	0.8353	36.021
549	671	25	0.8827	-2.016
378	486	25	0.9101	-176.032
526	971	25	0.8812	36.021
204	624	25	0.9472	18.011
378	609	25	0.8822	-17.027
776	851	26	0.9586	330.668
851	853	26	0.9058	14.016
199	455	26	0.7974	-12.958
455	851	26	0.8927	302.636
776	853	26	0.8565	344.683
455	776	26	0.9053	-28.032
199	851	26	0.8159	289.678
455	853	26	0.9484	316.652
199	239	26	0.7165	2.039
199	853	26	0.7732	303.694
199	776	26	0.8078	-40.990
445	621	27	0.947	98.110
437	445	27	0.9608	-30.047
168	618	27	0.9641	42.046
605	621	27	0.954	28.032
245	291	27	0.9785	-84.094
210	291	27	0.9584	-114.141
168	537	27	0.9516	28.031
381	538	27	0.9423	56.062
475	565	27	0.9463	-28.032
437	457	27	0.9599	26.016
445	682	27	0.9555	-84.094
445	457	27	0.9817	56.062
285	475	27	0.9293	42.048
220	445	27	0.9521	-2.016
243	457	27	0.9554	-154.172
291	621	27	0.9546	70.078
437	475	27	0.9447	70.079
210	245	27	0.9597	-30.047
210	445	27	0.9522	-142.172
210	243	27	0.9586	68.062
83	618	27	0.9693	-42.047
557	601	27	0.9367	-47.999
220	437	27	0.9757	28.031
210	457	27	0.956	-86.110
285	603	27	0.9448	28.031
291	437	27	0.9653	2.015
565	603	27	0.9408	14.016
83	210	27	0.9519	-82.078
83	243	27	0.9897	-14.016
243	245	27	0.963	-98.109
291	445	27	0.9863	-28.031
83	269	27	0.9764	-1.003
243	618	27	0.979	-28.031
220	538	27	0.9334	58.078
210	601	27	0.9617	6.047
168	245	27	0.9551	-28.031
381	437	27	0.943	26.016
245	603	27	0.9622	-26.016
83	601	27	0.9601	-76.031
168	457	27	0.9539	-84.094
243	291	27	0.9527	-182.203
245	618	27	0.9695	70.078
285	565	27	0.9395	14.016
537	618	27	0.974	14.015
83	537	27	0.9554	-56.062
621	835	27	0.9456	28.032
457	621	27	0.9553	42.047
475	603	27	0.955	-14.016
168	605	27	0.9388	-70.079
437	603	27	0.9546	56.062
210	618	27	0.973	40.031
243	601	27	0.9599	-62.015
457	618	27	0.9612	126.141
243	537	27	0.9661	-42.046
210	537	27	0.9609	26.015
437	565	27	0.955	42.047
220	565	27	0.9437	70.078
475	621	27	0.9496	-2.016
457	605	27	0.9521	14.015
291	605	27	0.9639	42.046
210	603	27	0.9546	-56.063
291	457	27	0.9867	28.031
601	618	27	0.9629	33.984
291	618	27	0.9588	154.172
537	601	27	0.9544	-19.969
291	603	27	0.9509	58.078
168	243	27	0.953	70.077
245	445	27	0.9697	-112.125
83	557	27	0.9646	-28.031
245	537	27	0.961	56.062
285	605	27	0.9371	12.000
245	605	27	0.963	-42.048
285	437	27	0.9512	-28.031
220	285	27	0.931	56.062
243	557	27	0.9692	-14.016
537	557	27	0.9472	28.031
245	457	27	0.9765	-56.063
445	605	27	0.9554	70.078
220	381	27	0.9563	2.016
557	618	27	0.9645	-14.016
224	584	28	0.9772	-44.026
584	918	28	0.9401	102.032
224	918	28	0.9464	58.006
334	654	30	0.7445	2.016
329	446	32	0.8983	-159.032
329	949	32	0.8571	-113.084
53	648	32	0.7523	-226.168
807	949	32	0.8847	113.084
53	329	32	0.8761	-45.057
586	949	32	0.9144	-45.057
53	446	32	0.8233	-204.090
586	648	32	0.88	-113.084
648	807	32	0.9317	-45.058
53	586	32	0.7901	-113.084
329	807	32	0.816	-226.168
443	701	34	0.7269	192.100
653	701	34	0.8013	-45.058
443	559	34	0.8418	132.078
352	559	34	0.8383	-44.026
352	653	34	0.8297	61.053
443	653	34	0.8744	237.158
235	652	34	0.9431	-132.079
352	443	34	0.8741	-176.105
352	652	34	0.9061	-88.052
443	652	34	0.9536	88.052
443	519	34	0.9403	44.026
33	701	34	0.7312	-88.052
519	653	34	0.8629	193.132
235	443	34	0.9007	-220.132
519	701	34	0.7265	148.074
519	559	34	0.8437	88.052
652	701	34	0.7337	104.048
235	519	34	0.909	-176.105
235	559	34	0.872	-88.053
310	653	34	0.7688	-44.026
235	701	34	0.9133	-28.032
519	652	34	0.9507	44.026
235	352	34	0.929	-44.027
352	519	34	0.8773	-132.078
559	652	34	0.8573	-44.026
652	653	34	0.8656	149.106
235	653	34	0.9167	17.026
352	701	34	0.7084	15.995
104	302	37	0.703	2.039
153	460	39	0.8163	-26.015
153	591	39	0.8952	-285.137
81	137	40	0.9587	-17.026
81	351	40	0.7817	-74.018
6	19	40	0.9665	-74.019
6	81	40	0.851	91.045
56	275	40	0.8684	-74.018
19	351	40	0.8778	91.046
56	351	40	0.8166	387.121
6	26	40	0.8907	-296.075
26	275	40	0.8476	-148.037
26	342	40	0.7615	479.150
6	342	40	0.7731	183.074
19	81	40	0.8198	165.064
8	18	40	0.9025	74.019
351	913	40	0.7714	-19.007
8	56	40	0.8855	-148.038
19	275	40	0.816	-370.093
137	913	40	0.8275	-75.999
81	913	40	0.8085	-93.025
18	81	40	0.8065	239.083
8	342	40	0.7306	405.131
18	275	40	0.8158	-296.074
19	56	40	0.9203	-296.075
6	913	40	0.7986	-1.980
8	81	40	0.7726	313.102
18	26	40	0.9105	-148.037
40	968	40	0.7079	239.083
18	56	40	0.9222	-222.056
26	81	40	0.7672	387.120
18	137	40	0.7953	222.057
56	81	40	0.7374	461.139
342	351	40	0.8081	-166.048
8	275	40	0.8662	-222.056
19	137	40	0.8345	148.038
6	351	40	0.9103	17.027
26	137	40	0.7753	370.094
137	351	40	0.7621	-56.992
913	969	40	0.7372	167.044
8	26	40	0.9196	-74.019
6	56	40	0.8623	-370.094
40	342	40	0.7472	239.083
18	19	40	0.8959	74.019
6	137	40	0.8691	74.019
26	56	40	0.9419	-74.019
275	313	40	0.7154	314.085
26	351	40	0.8439	313.102
342	512	40	0.7879	-74.019
342	968	40	0.8499	-0.000
6	8	40	0.8638	-222.057
6	18	40	0.903	-148.038
40	313	40	0.7004	-74.019
19	342	40	0.7786	257.093
8	351	40	0.8226	239.083
81	969	40	0.7682	74.019
56	137	40	0.7425	444.113
19	26	40	0.9402	-222.056
8	19	40	0.9069	148.038
18	351	40	0.8241	165.065
137	969	40	0.9013	91.045
56	313	40	0.7592	240.067
8	137	40	0.7782	296.075
18	342	40	0.7556	331.112
313	512	40	0.7145	239.083
331	815	41	0.7255	-70.041
734	1032	42	0.73	-49.000
736	1032	42	0.9441	25.007
734	888	42	0.7125	-29.032
888	1032	42	0.7425	-19.969
41	883	43	0.7004	63.045
333	916	45	0.9442	-0.251
149	724	46	0.8109	-26.015
709	1031	46	0.8585	314.246
737	942	46	0.8235	28.031
149	709	46	0.8505	46.043
149	1031	46	0.9786	360.288
709	942	46	0.8822	-26.016
724	942	46	0.7947	46.042
724	737	46	0.8114	18.011
786	1020	47	0.7685	61.356
490	645	47	0.8328	459.604
935	974	47	0.9192	392.563
797	1020	47	0.8262	54.010
781	786	47	0.7995	-42.352
912	974	47	0.8599	59.327
781	1020	47	0.8629	19.004
797	944	47	0.7061	87.692
490	786	47	0.864	494.615
974	1020	47	0.7459	2.365
912	935	47	0.8889	-333.236
490	935	47	0.8866	161.043
490	802	47	0.8824	-246.826
781	944	47	0.7538	52.686
365	645	47	0.7232	-96.702
365	935	47	0.8028	-395.262
365	944	47	0.7007	33.348
365	797	47	0.8157	-54.344
781	797	47	0.8484	-35.006
365	974	47	0.8208	-2.699
365	912	47	0.7796	-62.027
797	974	47	0.7673	51.645
781	935	47	0.7958	-375.924
645	912	47	0.8602	34.675
912	1020	47	0.7491	61.692
786	935	47	0.9116	-333.572
365	781	47	0.898	-19.338
786	944	47	0.7107	95.038
781	912	47	0.7825	-42.688
802	935	47	0.8916	407.870
645	935	47	0.876	-298.561
645	797	47	0.7779	42.357
781	974	47	0.7763	16.639
645	786	47	0.8735	35.011
797	912	47	0.8132	-7.682
365	1020	47	0.8694	-0.334
797	935	47	0.7941	-340.918
645	1020	47	0.7209	96.367
490	912	47	0.8491	494.279
786	974	47	0.8812	58.991
786	797	47	0.8132	7.346
645	974	47	0.8364	94.002
645	917	47	0.7316	-0.334
935	1020	47	0.7518	394.928
786	912	47	0.9034	-0.336
645	781	47	0.7359	77.363
365	786	47	0.7913	-61.691
218	248	49	0.9911	13.979
218	768	49	0.9569	58.005
173	218	49	0.8798	-44.026
173	768	49	0.8949	13.979
248	768	49	0.9603	44.026
173	248	49	0.8931	-30.047
804	887	50	0.8432	49.927
346	464	50	0.838	324.106
357	464	50	0.7262	-158.263
357	887	50	0.747	-270.388
346	804	50	0.926	162.053
346	887	50	0.7928	211.980
804	976	50	0.9002	-324.105
357	613	50	0.9561	2.016
887	976	50	0.8048	-374.032
346	976	50	0.9249	-162.052
346	1038	50	0.7762	225.996
804	1038	50	0.8332	63.943
357	804	50	0.7669	-320.316
887	1038	50	0.8576	14.016
464	804	50	0.8527	-162.053
464	976	50	0.829	-486.158
464	1038	50	0.8359	-98.110
346	983	50	0.7618	-365.130
346	357	50	0.7631	482.368
464	887	50	0.8497	-112.126
976	983	50	0.7679	-203.078
190	193	51	0.7765	2.016
190	274	51	0.7368	4.055
193	274	51	0.8558	2.039
432	572	52	0.719	204.302
543	902	53	0.704	-340.661
260	997	53	0.7166	221.620
655	902	53	0.7734	293.644
228	463	53	0.7244	-156.998
425	902	53	0.7239	-463.202
177	228	53	0.8194	-226.629
228	647	53	0.8155	183.113
447	902	53	0.7336	172.083
229	237	53	0.7311	224.116
425	543	53	0.7428	-122.540
237	260	53	0.8181	472.682
655	769	53	0.7427	-356.209
177	692	53	0.8142	480.735
177	647	53	0.8286	-43.516
229	902	53	0.7184	33.486
237	655	53	0.7169	-484.274
200	655	53	0.7313	-130.060
463	647	53	0.7063	340.111
237	463	53	0.7008	267.159
477	846	53	0.7371	17.026
177	260	53	0.8193	-178.103
228	425	53	0.7028	-151.586
228	237	53	0.8084	-424.157
463	997	53	0.7071	427.144
228	543	53	0.7141	-274.126
229	477	53	0.7558	-17.026
260	647	53	0.8351	134.587
177	997	53	0.7018	43.517
200	447	53	0.7768	-8.499
647	997	53	0.7715	87.033
237	846	53	0.8134	-224.116
228	997	53	0.7241	270.146
229	655	53	0.7618	-260.158
228	260	53	0.8458	48.526
229	846	53	0.8399	0.000
447	655	53	0.7476	-121.561
692	997	53	0.7349	-437.217
200	902	53	0.744	163.584
201	987	54	0.8114	26.015
201	353	54	0.8681	-2.016
353	987	54	0.9426	28.030
244	353	54	0.7756	475.342
128	987	54	0.9177	2.016
128	353	54	0.9228	-26.015
128	201	54	0.7812	-23.999
638	760	56	0.8708	0.802
371	719	57	0.7851	-4.058
371	384	57	0.9528	63.929
115	118	57	0.8335	64.147
384	718	57	0.7657	-135.975
371	718	57	0.771	-72.046
118	719	57	0.7611	-179.931
384	719	57	0.728	-67.987
620	686	58	0.8036	132.079
330	620	58	0.7595	-176.105
620	951	58	0.8563	-44.026
600	951	58	0.8148	-132.078
330	600	58	0.9062	-88.052
600	694	58	0.7514	-44.026
600	620	58	0.8873	-88.053
600	686	58	0.8881	44.026
330	978	58	0.7614	15.996
279	600	58	0.7671	-132.078
279	330	58	0.8972	-44.026
686	951	58	0.7295	-176.104
279	686	58	0.8345	-88.052
694	951	58	0.7406	-88.053
330	686	58	0.9132	-44.026
620	694	58	0.7221	44.027
73	283	59	0.8424	17.027
54	283	59	0.8437	43.042
54	73	59	0.8022	26.016
546	941	60	0.8799	99.615
546	962	60	0.97	-0.143
546	986	60	0.8013	-23.148
941	962	60	0.8678	-99.758
962	986	60	0.7932	-23.005
941	986	60	0.8295	-122.763
448	683	62	0.7998	-15.995
101	773	63	0.7232	2.016
101	896	63	0.7986	-41.972
101	213	63	0.786	-2.015
213	596	63	0.7726	-41.026
101	280	63	0.7065	-24.000
498	780	64	0.7672	-0.499
99	262	66	0.8112	-28.031
476	926	68	0.7786	0.497
580	754	70	0.8345	-499.362
482	808	71	0.9538	-0.204
430	808	71	0.9314	471.018
430	641	71	0.9508	-72.773
430	482	71	0.9336	471.222
49	321	72	0.8144	-135.975
34	49	72	0.8775	45.992
382	1041	76	0.9615	-24.003
429	590	77	0.9779	13.979
11	936	78	0.9345	41.027
11	12	78	0.9266	41.027
11	13	78	0.7243	27.995
13	59	78	0.8646	1.030
12	936	78	0.921	0.000
9	271	79	0.8344	-27.995
271	1011	79	0.8087	41.027
419	656	80	0.7007	27.011
50	62	82	0.8847	17.027
62	114	82	0.8201	23.016
114	556	82	0.8166	15.995
50	999	82	0.8003	-0.984
50	607	82	0.8699	-204.090
27	103	83	0.9831	30.047
103	198	83	0.9842	26.016
16	38	83	0.9906	-24.000
16	105	83	0.9827	-50.016
38	105	83	0.9877	-26.016
38	103	83	0.9885	26.016
16	27	83	0.9864	-28.031
27	38	83	0.9873	4.031
27	105	83	0.9858	-21.984
16	103	83	0.9897	2.016
103	105	83	0.9821	-52.031
27	198	83	0.9796	56.063
16	198	83	0.9868	28.031
10	1010	84	0.8849	-45.058
145	844	85	0.7319	1.040
298	571	88	0.9405	-0.333
571	750	88	0.7363	0.674
298	750	88	0.7421	0.342
259	505	93	0.7827	17.027
223	828	97	0.9736	42.048
29	211	98	0.8976	-27.995
7	29	98	0.8247	31.990
182	481	99	0.8463	-0.249
136	323	102	0.7689	-74.018
111	703	103	0.8146	1.995
102	659	105	0.7808	-21.982
102	751	105	0.8321	-278.085
407	527	105	0.9013	-11.048
527	659	105	0.8533	289.132
407	659	105	0.9087	278.085
350	529	106	0.9651	17.027
189	232	108	0.974	0.000
189	961	108	0.7026	-15.995
299	364	108	0.7184	-47.986
299	473	108	0.8469	286.132
299	961	108	0.8653	-15.996
473	691	108	0.8301	-286.132
691	961	108	0.8099	-15.996
299	691	108	0.9136	0.000
100	956	112	0.7853	2.016
183	202	112	0.8485	-4.032
100	183	112	0.8331	-24.001
183	956	112	0.8007	26.017
202	956	112	0.7893	30.048
202	337	112	0.8876	2.017
100	337	112	0.861	-26.015
100	202	112	0.8981	-28.033
337	956	112	0.8076	28.031
183	337	112	0.8986	-2.014
504	532	114	0.8973	-278.085
96	129	116	0.8806	-0.032
96	284	116	0.8511	16.994
670	911	117	0.7576	-14.002
643	771	123	0.7707	32.024
566	643	123	0.8225	-15.995
676	755	124	0.8274	-21.981
164	172	125	0.8601	0.134
140	508	126	0.9459	-1.979
140	181	126	0.9682	28.031
76	181	126	0.9588	62.016
695	745	127	0.9245	18.010
203	838	130	0.9286	-1.004
749	806	131	0.9455	97.032
171	209	132	0.9567	0.000
710	852	133	0.7735	-43.043
92	494	134	0.7312	-0.947
258	832	136	0.8224	-17.026
264	374	139	0.9724	-55.115
721	779	141	0.8103	-24.000
160	273	142	0.8158	-26.018
542	678	143	0.8703	0.200
219	542	143	0.7764	-65.434
219	678	143	0.8365	-65.234
57	94	144	0.9281	-44.027
57	377	144	0.9198	-14.016
94	377	144	0.8699	30.010
57	688	144	0.8782	-88.053
377	1000	144	0.7068	-44.026
377	688	144	0.808	-74.037
94	688	144	0.963	-44.026
377	610	144	0.7001	49.054
57	1000	144	0.7153	-58.042
94	1000	144	0.7537	-14.016
57	610	144	0.7269	35.037
295	516	150	0.8808	63.032
214	662	151	0.7859	10.009
517	573	158	0.9082	42.047
184	742	167	0.9447	0.000
830	960	174	0.7187	-158.085
