<?xml version="1.0" encoding="UTF-8" standalone="yes"?>
<parameters>
<parameter name="ANALOG_SEARCH">0</parameter>
<parameter name="CLUSTER_MIN_SIZE">1</parameter>
<parameter name="CREATE_CLUSTER_BUCKETS">1</parameter>
<parameter name="CREATE_ILI_OUTPUT">0</parameter>
<parameter name="CREATE_TOPOLOGY_SIGNATURES">0</parameter>
<parameter name="FILTER_LIBRARY">1</parameter>
<parameter name="FILTER_PRECURSOR_WINDOW">1</parameter>
<parameter name="FILTER_STDDEV_PEAK_INT">0.0</parameter>
<parameter name="FIND_MATCHES_IN_PUBLIC_DATA">0</parameter>
<parameter name="MAXIMUM_COMPONENT_SIZE">100</parameter>
<parameter name="MAX_SHIFT_MASS">100.0</parameter>
<parameter name="MIN_MATCHED_PEAKS">3</parameter>
<parameter name="MIN_MATCHED_PEAKS_SEARCH">3</parameter>
<parameter name="MIN_PEAK_INT">0.0</parameter>
<parameter name="PAIRS_MIN_COSINE">0.65</parameter>
<parameter name="RUN_MSCLUSTER">on</parameter>
<parameter name="SCORE_THRESHOLD">0.65</parameter>
<parameter name="TOPK">10</parameter>
<parameter name="WINDOW_FILTER">0</parameter>
<parameter name="desc">NIST 1950 SRM mzML MS-Cluster with NIST17 Cos0.65 MMP3 with metadata</parameter>
<parameter name="email">lnothiasscaglia@ucsd.edu</parameter>
<parameter name="library_on_server">d.staticlibs/NIST_17;</parameter>
<parameter name="metadatafile">f.lfnothias/1812_NIST_mix/FeatureBasedMolecularNetworking_NIST_QE_gnps_metadata.txt;</parameter>
<parameter name="spec_on_server">f.lfnothias/1812_NIST_mix/L_C18_Polar_16_MS2_DF_1_01.mzML;f.lfnothias/1812_NIST_mix/L_C18_Polar_16_MS2_DF_1_02.mzML;f.lfnothias/1812_NIST_mix/L_C18_Polar_16_MS2_DF_25_01.mzML;f.lfnothias/1812_NIST_mix/L_C18_Polar_16_MS2_DF_1_03.mzML;f.lfnothias/1812_NIST_mix/L_C18_Polar_16_MS2_DF_25_02.mzML;f.lfnothias/1812_NIST_mix/L_C18_Polar_16_MS2_DF_25_03.mzML;f.lfnothias/1812_NIST_mix/L_C18_Polar_16_MS2_DF_5_01.mzML;f.lfnothias/1812_NIST_mix/L_C18_Polar_16_MS2_DF_5_02.mzML;f.lfnothias/1812_NIST_mix/L_C18_Polar_16_MS2_DF_5_03.mzML;f.lfnothias/1812_NIST_mix/L_C18_Polar_16_MS2_DF_125_01.mzML;f.lfnothias/1812_NIST_mix/L_C18_Polar_16_MS2_DF_125_02.mzML;f.lfnothias/1812_NIST_mix/L_C18_Polar_16_MS2_DF_125_03.mzML;f.lfnothias/1812_NIST_mix/L_C18_Polar_16_MS2_DF_625_01.mzML;f.lfnothias/1812_NIST_mix/L_C18_Polar_16_MS2_DF_625_02.mzML;f.lfnothias/1812_NIST_mix/L_C18_Polar_16_MS2_DF_625_03.mzML;f.lfnothias/1812_NIST_mix/L_C18_Polar_16_Blk_no_inj_08.mzML;f.lfnothias/1812_NIST_mix/L_C18_Polar_16_Blk_no_inj_06.mzML;f.lfnothias/1812_NIST_mix/L_C18_Polar_16_Blk_no_inj_04.mzML;f.lfnothias/1812_NIST_mix/L_C18_Polar_16_Blk_no_inj_02.mzML;</parameter>
<parameter name="task">daf3f0d7cec94104b2c9001739964c31</parameter>
<parameter name="tolerance.Ion_tolerance">0.015</parameter>
<parameter name="tolerance.PM_tolerance">0.015</parameter>
<parameter name="upload_file_mapping">spec-00000.mzML|lfnothias/1812_NIST_mix/L_C18_Polar_16_MS2_DF_1_01.mzML</parameter>
<parameter name="upload_file_mapping">spec-00001.mzML|lfnothias/1812_NIST_mix/L_C18_Polar_16_MS2_DF_1_02.mzML</parameter>
<parameter name="upload_file_mapping">spec-00002.mzML|lfnothias/1812_NIST_mix/L_C18_Polar_16_MS2_DF_25_01.mzML</parameter>
<parameter name="upload_file_mapping">spec-00003.mzML|lfnothias/1812_NIST_mix/L_C18_Polar_16_MS2_DF_1_03.mzML</parameter>
<parameter name="upload_file_mapping">spec-00004.mzML|lfnothias/1812_NIST_mix/L_C18_Polar_16_MS2_DF_25_02.mzML</parameter>
<parameter name="upload_file_mapping">spec-00005.mzML|lfnothias/1812_NIST_mix/L_C18_Polar_16_MS2_DF_25_03.mzML</parameter>
<parameter name="upload_file_mapping">spec-00006.mzML|lfnothias/1812_NIST_mix/L_C18_Polar_16_MS2_DF_5_01.mzML</parameter>
<parameter name="upload_file_mapping">spec-00007.mzML|lfnothias/1812_NIST_mix/L_C18_Polar_16_MS2_DF_5_02.mzML</parameter>
<parameter name="upload_file_mapping">spec-00008.mzML|lfnothias/1812_NIST_mix/L_C18_Polar_16_MS2_DF_5_03.mzML</parameter>
<parameter name="upload_file_mapping">spec-00009.mzML|lfnothias/1812_NIST_mix/L_C18_Polar_16_MS2_DF_125_01.mzML</parameter>
<parameter name="upload_file_mapping">spec-00010.mzML|lfnothias/1812_NIST_mix/L_C18_Polar_16_MS2_DF_125_02.mzML</parameter>
<parameter name="upload_file_mapping">spec-00011.mzML|lfnothias/1812_NIST_mix/L_C18_Polar_16_MS2_DF_125_03.mzML</parameter>
<parameter name="upload_file_mapping">spec-00012.mzML|lfnothias/1812_NIST_mix/L_C18_Polar_16_MS2_DF_625_01.mzML</parameter>
<parameter name="upload_file_mapping">spec-00013.mzML|lfnothias/1812_NIST_mix/L_C18_Polar_16_MS2_DF_625_02.mzML</parameter>
<parameter name="upload_file_mapping">spec-00014.mzML|lfnothias/1812_NIST_mix/L_C18_Polar_16_MS2_DF_625_03.mzML</parameter>
<parameter name="upload_file_mapping">spec-00015.mzML|lfnothias/1812_NIST_mix/L_C18_Polar_16_Blk_no_inj_08.mzML</parameter>
<parameter name="upload_file_mapping">spec-00016.mzML|lfnothias/1812_NIST_mix/L_C18_Polar_16_Blk_no_inj_06.mzML</parameter>
<parameter name="upload_file_mapping">spec-00017.mzML|lfnothias/1812_NIST_mix/L_C18_Polar_16_Blk_no_inj_04.mzML</parameter>
<parameter name="upload_file_mapping">spec-00018.mzML|lfnothias/1812_NIST_mix/L_C18_Polar_16_Blk_no_inj_02.mzML</parameter>
<parameter name="upload_file_mapping">metadatafile-00000.txt|lfnothias/1812_NIST_mix/FeatureBasedMolecularNetworking_NIST_QE_gnps_metadata.txt</parameter>
<parameter name="upload_file_mapping">lib-00000.mgf|staticlibs/NIST_17/NIST17_library.mgf</parameter>
<parameter name="user">lfnothias</parameter>
<parameter name="uuid">1E034449-1961-0001-A4C1-27401150143D</parameter>
<parameter name="workflow">METABOLOMICS-SNETS-V2</parameter>
</parameters>
