<?xml version="1.0" encoding="UTF-8" standalone="yes"?>
<parameters>
<parameter name="ANALOG_SEARCH">0</parameter>
<parameter name="FILTER_LIBRARY">1</parameter>
<parameter name="FILTER_PRECURSOR_WINDOW">1</parameter>
<parameter name="GROUP_COUNT_AGGREGATE_METHOD">Mean</parameter>
<parameter name="MAXIMUM_COMPONENT_SIZE">100</parameter>
<parameter name="MAX_SHIFT">500</parameter>
<parameter name="MAX_SHIFT_MASS">100.0</parameter>
<parameter name="MIN_MATCHED_PEAKS">6</parameter>
<parameter name="MIN_MATCHED_PEAKS_SEARCH">3</parameter>
<parameter name="MIN_PEAK_INT">0.0</parameter>
<parameter name="PAIRS_MIN_COSINE">0.7</parameter>
<parameter name="QUANT_FILE_NORM">None</parameter>
<parameter name="QUANT_TABLE_SOURCE">MZMINE2</parameter>
<parameter name="RUN_DEREPLICATOR">0</parameter>
<parameter name="SCORE_THRESHOLD">0.65</parameter>
<parameter name="TOPK">10</parameter>
<parameter name="TOP_K_RESULTS">1</parameter>
<parameter name="WINDOW_FILTER">1</parameter>
<parameter name="desc">NIST 1950SRM dilution QExactive MZmine2 LocaLMinimSearch MS2 Dupl 2iso</parameter>
<parameter name="email">lnothiasscaglia@ucsd.edu</parameter>
<parameter name="library_on_server">d.staticlibs/NIST_17;</parameter>
<parameter name="metadata_table">f.lfnothias/1812_NIST_mix/FeatureBasedMolecularNetworking_NIST_QE_gnps_metadata.txt;</parameter>
<parameter name="quantification_table">f.lfnothias/1812_NIST_mix/MZmine2_NIST_1950_SRM_QE_LocalMini_MS2_9occurences_2iso_quant.csv;</parameter>
<parameter name="spec_on_server">f.lfnothias/1812_NIST_mix/MZmine2_NIST_1950_SRM_QE_LocalMini_MS2_9occurences_2iso.mgf;</parameter>
<parameter name="task">b9c75ead4ad3431e82eb0b051d0c3d03</parameter>
<parameter name="tolerance.Ion_tolerance">0.01</parameter>
<parameter name="tolerance.PM_tolerance">0.01</parameter>
<parameter name="upload_file_mapping">spec-00000.mgf|lfnothias/1812_NIST_mix/MZmine2_NIST_1950_SRM_QE_LocalMini_MS2_9occurences_2iso.mgf</parameter>
<parameter name="upload_file_mapping">quantification_table-00000.csv|lfnothias/1812_NIST_mix/MZmine2_NIST_1950_SRM_QE_LocalMini_MS2_9occurences_2iso_quant.csv</parameter>
<parameter name="upload_file_mapping">metadata_table-00000.txt|lfnothias/1812_NIST_mix/FeatureBasedMolecularNetworking_NIST_QE_gnps_metadata.txt</parameter>
<parameter name="upload_file_mapping">lib-00000.mgf|staticlibs/NIST_17/NIST17_library.mgf</parameter>
<parameter name="user">lfnothias</parameter>
<parameter name="uuid">1E034743-A3A2-0001-711A-162018E0124A</parameter>
<parameter name="workflow">FEATURE-BASED-MOLECULAR-NETWORKING</parameter>
</parameters>
